testament	4.1429
integration	3.8333
condemn	4.0
compilation	3.83335
bufe	4.2
chattanooga	4.8
gourmet	4.0
thesaurus	4.1429
plantronic	4.6667
hispanic	3.8571
procurement	4.4286
lipitor	5.0
ejaculation	3.8333
amnesty	4.5
diazepam	5.8
shropshire	5.1667
probation	4.2
cardiovascular	3.8333
etiquette	4.5714
malignant	4.3333
specimen	3.8571
bizjournal	4.3333
ramada	4.8
torque	4.2857
hypothesis	3.85715
contingency	4.3333
equity	4.1667
demographic	3.8690499999999997
coalition	4.5
excerpt	4.083349999999999
letras	4.6667
seneca	4.6
covenant	4.3333
salisbury	4.4
quasi	4.8333
genomic	4.3333
embroider	3.8333
lincolnshire	4.8
dimm	4.6
physician	3.8333500000000003
astronomical	4.1429
orchid	4.2
scsi	4.4
imprint	4.0
websphere	5.0
amendment	3.9286000000000003
providence	4.1429
blogshare	4.3333
zen	4.0
cardiology	4.0
vaughn	4.4
programming	3.8333
parliamentary	4.4
vicodin	3.8571
filipino	4.0
genealogy	4.2857
apa	5.2
pediatric	4.416650000000001
wwf	4.4
coldfusion	4.3333
persecution	4.4
celexa	4.8333
transexuale	4.1667
statute	4.1667
capitalism	4.1667
doctrine	4.0
conviction	4.083349999999999
snyder	4.6
respondent	3.9833499999999997
judicial	3.8333
plaque	3.8333
federally	3.8333
outrageous	4.2
municipality	4.1429
sioux	5.4
differentiation	4.1429
abnormality	3.8571
lesion	4.8333
beastiality	4.1667
sovereignty	4.0
metacritic	4.3333
perception	4.1548
bibtex	4.7143
centennial	4.2
mandrake	5.1667
quo	4.0
transient	4.2857
sapien	4.8
aperture	4.3333
regiment	4.5
parity	4.2
equitable	4.0
telecommunication	3.9166499999999997
manifold	4.0
reciprocal	3.8571
vonage	5.2
mccormick	4.0
reconciliation	4.2857
anthology	4.7143
partisan	4.1667
concession	3.8333
spectral	4.4286
bilateral	4.1429
antigen	4.2857
remediation	4.2
decal	4.4
travelocity	5.0
polytechnic	4.1667
png	3.8333
shalt	4.8
accountancy	4.1667
interim	3.8571
consolidation	4.0
expedition	3.8571
remedial	4.0
substantive	4.0
acoustic	3.9286000000000003
xml	4.0
goblet	4.4
regent	4.0
newfoundland	4.2
imminent	3.8571
clarion	4.4
discrepancy	4.0
deviant	4.4
ulster	5.1667
dentistry	3.8333
tft	4.4
depreciation	4.1429
capri	4.8
semantic	3.85715
refinance	3.9881
miniature	4.0714500000000005
bordeaux	4.8333
proprietary	4.5714
synopsis	5.0
grange	4.6
physiopathology	5.1667
rationale	3.8571
fraternity	4.0
accolade	4.3333
tariff	3.85715
hasting	4.1667
impressum	5.0
fluctuation	4.1667
thessalonian	5.6
archaeological	4.4
kyocera	4.8
preliminary	4.1667
middlesex	4.1667
protocol	4.0
sundance	4.2
wlan	4.0
subsidiary	3.89285
ern	4.2
ecology	3.8333
modulation	4.4
peripheral	4.39285
applegate	3.8571
adler	4.2
bridgeport	3.8333
leukemia	4.6667
pablo	4.4
traumatic	4.8333
mobility	4.0
hepatitis	4.0
substrate	4.5
moine	4.8
contingent	4.1667
incest	4.1429
tuscany	4.4
dermatology	4.5
gonzale	4.5
dispersion	3.8571
practitioner	3.9405
johanne	4.0
sata	5.4
esteem	3.8571
levitra	5.6
percussion	4.7143
redundant	3.8333
marietta	4.4
schwartz	4.6
arbitration	4.1429
imperial	4.1667
lynx	4.5
ricoh	4.0
pornography	4.3333
congressional	3.8571
placebo	4.0
chateau	4.6
danville	4.2
immunology	4.4286
ziff	5.0
disclosure	3.9166499999999997
competitiveness	3.8333
differential	4.1667
enzyme	4.0595
ethnic	3.8333
inception	4.6
roulette	3.8333
discretionary	3.8333
stp	5.4
liposuction	4.8
mahogany	4.6
evanescence	4.4286
pursuant	4.3333
influenza	4.1667
semiconductor	4.083349999999999
cache	4.1785499999999995
brunswick	4.0
bibliographic	4.2857
litigation	4.5714
yate	4.4
curriculum	3.8571
solicitation	4.5
authoritative	3.8571
poly	4.2
pharmaceutical	3.8571
supervisory	4.1667
polymerase	5.6667
advent	3.8571
appropriation	3.9762000000000004
spire	4.2
citation	3.9048
porcelain	4.0
federate	4.4
malicious	3.8571
tawnee	4.7143
shopzilla	4.6
oasis	4.1667
chemotherapy	4.8333
commission	3.8571
sleazydream	3.8333
dioxide	4.2857
xanax	4.5
parole	4.5714
transvestite	4.01665
imperative	4.1667
llc	4.2857
sip	4.6
roosevelt	4.2
proliferation	4.4286
hondura	4.1667
professionalism	4.1667
psychological	3.8333
avail	3.8571
gonzalez	4.8
epidemiology	4.8571
patron	3.8333
objectionable	3.8333
ieee	3.8333
argus	4.3333
psychiatry	4.5714
esp	5.0
squadron	4.1667
maltese	4.6667
telecom	3.8333
portfolio	4.13095
symantec	4.2
contradiction	4.2
trojan	4.2
empowerment	4.1667
secretion	3.8333
apnic	5.4
carlisle	4.8
liaison	4.0
cymru	4.4
entrepreneur	4.5
assort	4.0
nanotechnology	4.4286
autonomous	3.8333
seychelle	5.6
lithuanian	4.2
fprintf	4.2
vascular	4.3333
kinase	5.4
schultz	4.6
columnist	3.85
mitigation	4.2857
resolution	3.93335
wichita	4.3333
culinary	3.8333
dysfunction	4.0
parfum	4.8333
mrna	4.5
interference	4.1667
intriguing	4.1429
dns	4.3333
proximity	3.8571
chronicle	3.8333500000000003
oahu	4.8
directorate	4.7143
informatic	3.8571
subunit	4.8333
elsevier	5.0
bizjournalshire	5.2
fringe	3.8333
hawthorne	4.8
malpractice	3.8333
gail	4.4
accession	5.4
classified	4.1667
conception	4.1667
fioricet	5.2
syndicate	4.5714
roanoke	5.0
sanction	4.4286
blanca	4.0
formulation	3.8333
apocalypse	4.4
costello	4.6
symposium	5.0
schneider	4.4
redemption	4.1429
ciali	5.0
forego	3.8571
aforementione	3.8333
correspondence	3.8571
bankruptcy	4.11665
timor	5.0
fraudulent	4.1429
obligation	3.85715
assay	5.8
infringement	4.5
comprehension	3.8333
sauvignon	5.2
incumbent	4.2857
claimant	5.0
dividend	3.8452
fra	4.4
delegation	3.8571
plaintiff	4.2857
rehabilitation	4.3333
denon	4.5
kyoto	4.8
affiliate	3.982533333333334
exeter	4.5
compliance	4.2
slashdot	5.0
adherence	4.2
sanitation	4.2857
aromatherapy	4.7143
concordia	4.4
regency	4.0
formulate	4.0
precedence	3.8571
lorraine	4.6
susceptibility	4.1667
howell	4.2
dhcp	4.6667
prix	5.0
polyphonic	4.6667
horoscope	4.2
bistro	4.0
nic	4.6
multilateral	4.1667
cultivate	3.8333
expectancy	4.0
archaeology	4.2857
tactical	3.8571
facsimile	5.1667
ferdinand	4.8
trong	4.8
phantom	4.2
standalone	3.8333
prostate	4.1429
alleviate	4.2
referendum	4.5714
atari	4.6
governance	3.8571
cobalt	4.0
conformance	3.8333
winchester	4.0
meridia	5.2
cardinal	3.8333500000000003
righteousness	3.8571
radial	4.0
enactment	4.1667
supplement	3.944433333333333
seether	4.6667
westminster	4.6667
nortel	4.3333
bild	4.7143
oxidation	4.5
ocr	4.0
telnet	4.3333
underoath	3.8571
canonical	4.2857
terrestrial	4.0
northamptonshire	4.1667
ideology	4.1667
contaminant	4.0
bestiality	4.4286
constituency	3.8333
charset	4.5
chesapeake	4.8333
contiguous	4.1667
putative	5.2857
orthodox	3.8333
anthropology	4.1429
odyssey	4.0
deborah	4.2
instrumentation	4.1429
equilibrium	4.1667
eternity	4.0
conservation	3.8333
garrison	4.4
valium	4.6667
gloucestershire	5.0
ordinance	4.2857
principe	4.8
hierarchical	3.8333
customization	4.1429
encryption	4.5
sarbane	4.5
therapeutic	3.8333
cms	4.4
pertain	3.8571
outpatient	4.6
morality	4.1667
turquoise	4.6
fabrication	4.1667
phylli	4.4
renovation	4.0
taxonomy	4.0
salvation	4.1429
cortex	4.2
verisign	4.1667
storesshop	4.2
authenticate	4.6
amplitude	4.4286
techrepublic	3.8333
vitro	4.0
homogeneous	4.0
precipitation	4.4286
polymer	4.1667
mosaic	4.1667
cerevisiae	5.6667
conformity	4.0
peterborough	4.2
chatham	4.6667
lieutenant	4.0
invision	4.6667
bedfordshire	5.2
svn	4.0
leicestershire	5.2
lutheran	4.6667
analogous	3.8571
aboriginal	4.8
biomass	4.0
roswell	3.8333
spectrum	3.8333
concord	3.8571
cle	4.8
callaway	4.6
weezer	3.8333
entrepreneurship	4.0
celtic	3.8571
incense	3.8333
entrepreneurial	4.2857
adipex	4.6667
christchurch	4.2
collaboration	3.8571
tramadol	5.6
ascertain	4.0
pesticide	3.8333500000000003
advocacy	4.1667
westchester	4.8
solaris	4.0
lattice	4.0
renaissance	4.2857
foreclosure	4.0
legislation	3.8571
hogtie	5.1667
ethereal	4.1667
paxil	5.6
judiciary	3.8571
watershe	4.2857
astronomy	3.8333
defer	4.0
heterogeneous	3.8571
merriam	4.3333
vanuatu	5.4
bout	4.1667
contractual	4.0
predominantly	4.3333
prevalence	4.1667
testimonial	3.8333
collegiate	4.4286
colt	4.3333
interdisciplinary	4.5714
acquisition	4.1667
cameroon	4.2
pulmonary	4.7143
oblique	3.8333
solvent	3.8571
swansea	4.6667
timeshare	4.0
deliberate	3.8571
stuttgart	4.8
vancouver	4.2
fluorescent	4.1429
dilute	3.8333
walsh	4.4
petitioner	4.2857
deutschland	5.2
doppler	3.8333
oncology	4.5
pursuit	3.8333
asterisk	3.8571
pertinent	4.5
gainesville	4.3333
indictment	4.4286
rhetoric	4.3333
albuquerque	5.2
pundit	4.0
carcinoma	5.2857
scottsdale	4.8
cohort	4.0
premiership	3.8333
vulnerability	4.2619
lolita	4.6667
swivel	5.4
sussex	3.8333
psalm	3.8333
almanac	4.5
prentice	5.0
blizzard	3.8333
bueno	4.6
bizrate	5.3333
longitudinal	4.3333
aphrodite	5.2
phentermine	5.8571
localization	3.8571
malaga	4.0
vicinity	4.1429
provincial	4.1667
cumming	4.2
diecast	4.6667
endowment	4.1667
burgess	4.2
holocaust	4.5
anchorage	5.2
mda	4.3333
accreditation	4.5
stringent	3.8571
expenditure	4.083349999999999
acrylic	4.2857
saunder	4.1667
belize	5.0
nottinghamshire	5.4
pantera	5.2
counselling	4.0
engadget	4.5
competency	4.0
mla	4.4
comptroller	5.3333
intranet	4.2857
geile	5.3333
asbestos	4.4
atreyu	5.3333
alkaline	4.8333
mutation	4.0
prudent	3.8333
octet	4.0
pueblo	5.0
pastor	4.3333
llp	4.3333
sovereign	4.3333
viability	4.0
legislature	4.7143
plush	4.4286
nabble	4.3333
tome	4.5
eligibility	3.8571
gratuit	5.2
saturation	3.8333
influential	3.8333
fresno	5.2
microscopy	4.4286
optimization	3.8571
antille	5.0
genocide	4.6667
buckinghamshire	4.8333
saratoga	5.2
pharmacology	4.6667
sanctuary	4.0
cgi	4.4
snmp	5.0
attributable	4.8
lingere	3.8571
constitutional	3.8333
versace	4.4
susceptible	4.4
dissemination	4.2857
aclu	4.8
ordination	4.8
townsend	4.4
embroidery	4.5
provisional	4.1429
gigantic	3.8333
glitter	4.0
usenet	4.2
fischer	4.2
invasive	3.8571
guatemala	4.6667
mortality	4.0
intervention	3.92855
provost	5.5
grievance	4.0
tuvalu	4.8
comm	4.3333
basel	4.1667
radiology	4.2857
bethesda	5.0
ashanti	4.8333
femdom	4.3333
authenticity	4.0
nauru	4.8
duane	4.3333
appellant	5.3333
syndication	4.4
testosterone	4.6667
enact	4.0
giorgio	4.4
seizure	4.1667
contamination	4.4286
seminary	3.8571
embodiment	4.1429
episcopal	5.1667
appendix	3.8333
jurisdiction	4.3333
unsolicite	4.2857
archbishop	5.1667
disposition	4.1667
inflammation	4.0
prolyte	4.4
abdominal	4.5
cerebral	4.0
cervical	4.5714
algorithm	4.0
joomla	4.3333
camino	4.4
retention	4.1429
metasearch	4.2
smtp	4.5
inflammatory	4.1429
exodus	4.5
rhapsody	5.3333
probate	4.2857
godsmack	5.2
embryo	4.3333
resurrection	4.4
erroneous	4.2
consortium	4.8333
linguistic	4.1667
portage	4.5
levin	4.2
twink	3.94285
hath	4.6
maurice	4.8
staten	4.8
remuneration	4.5
resonance	4.1429
fourier	4.3333
coventry	4.6667
trivium	3.93335
neurology	4.0
wilke	4.4
vhs	4.8
accountability	4.3333
oxide	4.1429
multitude	3.8571
impairment	4.3333
grenadine	5.4
scrutiny	4.1429
genesis	4.3333
inne	3.8571
corinthian	4.8
cartier	4.4
incidental	4.3333
serenity	4.4286
synchronization	4.2857
etiology	5.6667
architectural	3.8333
biosynthesis	5.0
stochastic	4.8
configuration	4.03335
diversion	3.8333
humiliation	3.8571
erp	4.6
mediation	4.1429
terminology	4.1667
beacon	4.0
surveillance	4.2857
deterioration	4.5714
husky	4.0
hubbard	5.2
ibid	5.2
accredit	4.5
essence	4.1667
masterbation	4.0
exquisite	4.2857
consumable	4.0
interoperability	5.1429
khz	3.8571
reimbursement	3.8571
lesotho	5.4
genome	3.8333
isabella	4.3333
bio	5.0
acupuncture	4.4
oxfordshire	4.2
humanitarian	4.0
motif	4.5714
eminent	4.0
hereinafter	3.8333
hertfordshire	5.2
bruin	4.5
bilder	4.3333
cumme	3.8571
proqu	4.4
creed	3.8571
tonga	4.8
deprecate	3.8571
activism	4.0
apoptosis	5.4286
hayne	4.0
aguilera	5.0
suede	4.0
delphi	5.0
inhibitor	4.1429
allege	3.8333
maxtor	4.3333
iss	5.2
statutory	4.2857
analogue	4.0
significance	3.8333
telstra	4.4286
commencement	4.1429
dissertation	4.5
propaganda	4.2857
elegance	3.8571
mansfield	4.4
cancun	4.8333
jacqueline	4.6
mirage	3.8333
crt	4.4
cultivation	3.8571
hydrocodone	5.1429
superintendent	4.0
morale	4.0
orbital	4.0
ssl	4.4
biotechnology	4.0
intrinsic	4.1429
guadeloupe	5.2
staffordshire	5.0
tuberculosis	4.1429
seismic	4.2857
viewsonic	4.3333
darfur	4.5
cambridgeshire	4.8333
metabolism	4.2857
charlottesville	5.0
boe	4.5
beige	4.8333
locus	4.2
tungsten	4.0
embed	4.0
lisp	3.8333
biodiversity	3.8571
amethyst	5.0
sesso	5.2
filmography	4.0
congregation	4.2857
essex	4.0
budgetary	4.0
sweepstake	4.7143
lagoon	4.0
figurine	4.2857
obituary	5.2
lund	4.4
gentoo	4.6667
ideological	3.8333
travestis	4.8571
tenacious	4.2857
notwithstanding	4.2857
schwarzenegger	5.2
daemon	4.2857
conjunction	3.8333
burbank	4.4
masturbation	4.2
kazaa	5.2
stargate	4.6
coppermine	4.5
certification	3.9286000000000003
prospectus	4.5
prosecution	4.0
sourceforge	4.2857
clr	4.3333
worcestershire	5.0
autobiography	4.0
spontaneous	3.8571
cabernet	5.2
sme	4.4
hypertension	4.3333
decree	4.5
lipid	4.6667
inverness	4.8
audioslave	4.8333
physiological	4.1667
authentication	4.0
atkinson	4.2
dehydrogenase	5.8333
pitcairn	4.8333
productivity	3.8571
legislator	4.1429
ipaq	5.2
proclaim	3.8333
topology	3.8571
isuzu	4.2
philosophical	4.0
warwickshire	5.0
middot	5.2
scarborough	4.6667
ethanol	4.1667
encompass	3.8571
strauss	4.0
chromosome	4.7143
